Acuracia,Conjunto
50.0,(0, 1]
26.666666666666668,(1, 2]
23.333333333333332,(2, 3]
93.33333333333333,(0, 1]
6.666666666666667,(1, 2]
