MEAN-SQUARED-ERROR-MAX,STANDART-DEVIATION-MAX,MEAN-ABSOLUTE-ERROR-MAX,MEDIAN-ABSOLUTE-ERROR-MAX,MEAN-SQUARED-ERROR-MIN,STANDART-DEVIATION-MIN,MEAN-ABSOLUTE-ERROR-MIN,MEDIAN-ABSOLUTE-ERROR-MIN
1.9762889645660016,0.8745970465826152,1.1006220834941338,1.0494244427654387,0.39034722185840337,0.3566060349807272,0.5130100950992366,0.42391507936980943
