Acuracia,Conjunto
60.0,(0, 1]
23.333333333333332,(1, 2]
13.333333333333334,(2, 3]
3.3333333333333335,(3, 4]
90.0,(0, 1]
10.0,(1, 2]
