Acuracia,Conjunto
46.666666666666664,(0, 1]
36.666666666666664,(1, 2]
10.0,(2, 3]
6.666666666666667,(3, 4]
90.0,(0, 1]
10.0,(1, 2]
