Acuracia,Conjunto
46.666666666666664,(0, 1]
36.666666666666664,(1, 2]
16.666666666666664,(2, 3]
90.0,(0, 1]
10.0,(1, 2]
