Acuracia,Conjunto
20.0,(0, 1]
26.666666666666668,(1, 2]
23.333333333333332,(2, 3]
13.333333333333334,(3, 4]
16.666666666666664,(4, 5]
56.666666666666664,(0, 1]
36.666666666666664,(1, 2]
6.666666666666667,(2, 3]
